date,prix_pompe,saison
2016-01-04,103.8,0
2016-01-11,102.1,0
2016-01-18,101.1,0
2016-01-25,96.6,0
2016-02-01,98.1,0
2016-02-08,94.6,0
2016-02-15,94.8,0
2016-02-22,92.3,0
2016-02-29,91.9,0
2016-03-07,95.7,0
2016-03-14,97.1,0
2016-03-21,101.5,0
2016-03-28,102.3,0
2016-04-04,99.9,0
2016-04-11,107.4,0
2016-04-18,105.5,0
2016-04-25,105.0,0
2016-05-02,106.5,0
2016-05-09,104.9,0
2016-05-16,108.0,0
2016-05-23,109.6,0
2016-05-30,109.4,0
2016-06-06,111.7,1
2016-06-13,108.5,1
2016-06-20,108.6,1
2016-06-27,106.3,1
2016-07-04,106.9,1
2016-07-11,104.8,1
2016-07-18,101.6,1
2016-07-25,102.8,1
2016-08-01,101.9,1
2016-08-08,103.9,1
2016-08-15,103.6,1
2016-08-22,107.0,1
2016-08-29,106.2,1
2016-09-05,105.4,0
2016-09-12,104.5,0
2016-09-19,108.5,0
2016-09-26,107.6,0
2016-10-03,109.8,0
2016-10-10,111.5,0
2016-10-17,111.2,0
2016-10-24,112.5,0
2016-10-31,109.4,0
2016-11-07,111.0,0
2016-11-14,106.2,0
2016-11-21,105.8,0
2016-11-28,108.0,0
2016-12-05,110.7,0
2016-12-12,109.8,0
2016-12-19,112.1,0
2016-12-26,110.7,0
2017-01-02,114.0,0
2017-01-09,114.5,0
2017-01-16,112.8,0
2017-01-23,112.9,0
2017-01-30,109.7,0
2017-02-06,109.1,0
2017-02-13,109.4,0
2017-02-20,109.6,0
2017-02-27,110.5,0
2017-03-06,108.7,0
2017-03-13,109.7,0
2017-03-20,109.4,0
2017-03-27,111.0,0
2017-04-03,113.2,0
2017-04-10,116.6,0
2017-04-17,121.6,0
2017-04-24,119.0,0
2017-05-01,117.3,0
2017-05-08,112.9,0
2017-05-15,115.2,0
2017-05-22,117.1,0
2017-05-29,117.6,0
2017-06-05,113.8,1
2017-06-12,111.9,1
2017-06-19,110.7,1
2017-06-26,109.8,1
2017-07-03,109.1,1
2017-07-10,109.1,1
2017-07-17,110.7,1
2017-07-24,109.7,1
2017-07-31,112.2,1
2017-08-07,114.9,1
2017-08-14,112.1,1
2017-08-21,111.5,1
2017-08-28,114.3,1
2017-09-04,125.9,0
2017-09-11,123.7,0
2017-09-18,119.0,0
2017-09-25,118.8,0
2017-10-02,115.7,0
2017-10-09,114.8,0
2017-10-16,115.8,0
2017-10-23,117.0,0
2017-10-30,119.3,0
2017-11-06,124.3,0
2017-11-13,122.3,0
2017-11-20,120.7,0
2017-11-27,121.3,0
2017-12-04,120.4,0
2017-12-11,119.8,0
2017-12-18,118.6,0
2017-12-25,119.9,0
2018-01-01,120.5,0
2018-01-08,120.5,0
2018-01-15,121.4,0
2018-01-22,125.0,0
2018-01-29,125.6,0
2018-02-05,124.6,0
2018-02-12,121.9,0
2018-02-19,120.8,0
2018-02-26,124.7,0
2018-03-05,123.6,0
2018-03-12,123.9,0
2018-03-19,125.4,0
2018-03-26,130.6,0
2018-04-02,130.5,0
2018-04-09,129.8,0
2018-04-16,132.8,0
2018-04-23,136.6,0
2018-04-30,137.1,0
2018-05-07,136.3,0
2018-05-14,138.2,0
2018-05-21,138.9,0
2018-05-28,137.6,0
2018-06-04,136.9,1
2018-06-11,136.8,1
2018-06-18,134.0,1
2018-06-25,133.3,1
2018-07-02,136.0,1
2018-07-09,134.7,1
2018-07-16,134.0,1
2018-07-23,130.2,1
2018-07-30,135.5,1
2018-08-06,134.4,1
2018-08-13,133.3,1
2018-08-20,131.7,1
2018-08-27,136.0,1
2018-09-03,136.0,0
2018-09-10,137.5,0
2018-09-17,131.7,0
2018-09-24,133.2,0
2018-10-01,133.9,0
2018-10-08,133.8,0
2018-10-15,130.1,0
2018-10-22,126.7,0
2018-10-29,123.9,0
2018-11-05,122.0,0
2018-11-12,119.3,0
2018-11-19,116.1,0
2018-11-26,112.5,0
2018-12-03,111.2,0
2018-12-10,111.3,0
2018-12-17,111.8,0
2018-12-24,109.7,0
2018-12-31,108.5,0
2019-01-07,108.3,0
2019-01-14,110.0,0
2019-01-21,110.1,0
2019-01-28,108.6,0
2019-02-04,107.4,0
2019-02-11,107.1,0
2019-02-18,113.4,0
2019-02-25,113.7,0
2019-03-04,117.5,0
2019-03-11,119.3,0
2019-03-18,125.4,0
2019-03-25,126.0,0
2019-04-01,125.4,0
2019-04-08,127.3,0
2019-04-15,131.5,0
2019-04-22,136.0,0
2019-04-29,138.8,0
2019-05-06,136.6,0
2019-05-13,134.0,0
2019-05-20,134.4,0
2019-05-27,132.1,0
2019-06-03,128.5,1
2019-06-10,124.8,1
2019-06-17,123.4,1
2019-06-24,125.0,1
2019-07-01,129.4,1
2019-07-08,130.0,1
2019-07-15,131.2,1
2019-07-22,128.4,1
2019-07-29,128.0,1
2019-08-05,127.0,1
2019-08-12,121.8,1
2019-08-19,120.9,1
2019-08-26,120.2,1
2019-09-02,120.0,0
2019-09-09,120.6,0
2019-09-16,122.2,0
2019-09-23,121.1,0
2019-09-30,120.2,0
2019-10-07,119.3,0
2019-10-14,120.2,0
2019-10-21,119.2,0
2019-10-28,119.8,0
2019-11-04,119.7,0
2019-11-11,118.5,0
2019-11-18,118.5,0
2019-11-25,119.8,0
2019-12-02,118.6,0
2019-12-09,119.3,0
2019-12-16,119.1,0
2019-12-23,119.8,0
2019-12-30,119.5,0
2020-01-06,120.5,0
2020-01-13,119.1,0
2020-01-20,118.5,0
2020-01-27,116.2,0
2020-02-03,115.8,0
2020-02-10,116.3,0
2020-02-17,117.0,0
2020-02-24,118.8,0
2020-03-02,115.7,0
2020-03-09,111.0,0
2020-03-16,96.6,0
2020-03-23,87.2,0
2020-03-30,83.4,0
2020-04-06,82.8,0
2020-04-13,82.9,0
2020-04-20,84.5,0
2020-04-27,85.1,0
2020-05-04,88.5,0
2020-05-11,93.4,0
2020-05-18,93.4,0
2020-05-25,98.3,0
2020-06-01,97.8,1
2020-06-08,100.9,1
2020-06-15,102.2,1
2020-06-22,106.4,1
2020-06-29,105.8,1
2020-07-06,106.7,1
2020-07-13,108.0,1
2020-07-20,107.4,1
2020-07-27,107.3,1
2020-08-03,106.0,1
2020-08-10,106.1,1
2020-08-17,106.1,1
2020-08-24,107.7,1
2020-08-31,107.9,1
2020-09-07,106.3,0
2020-09-14,104.2,0
2020-09-21,104.5,0
2020-09-28,104.9,0
2020-10-05,104.1,0
2020-10-12,103.9,0
2020-10-19,103.4,0
2020-10-26,102.4,0
2020-11-02,101.4,0
2020-11-09,101.8,0
2020-11-16,103.1,0
2020-11-23,103.6,0
2020-11-30,104.7,0
2020-12-07,104.0,0
2020-12-14,105.8,0
2020-12-21,107.1,0
2020-12-28,107.8,0
2021-01-04,108.0,0
2021-01-11,113.1,0
2021-01-18,114.1,0
2021-01-25,114.4,0
2021-02-01,115.5,0
2021-02-08,117.7,0
2021-02-15,118.7,0
2021-02-22,122.3,0
2021-03-01,125.5,0
2021-03-08,126.0,0
2021-03-15,127.2,0
2021-03-22,125.4,0
2021-03-29,125.1,0
2021-04-05,124.7,0
2021-04-12,124.1,0
2021-04-19,126.1,0
2021-04-26,125.8,0
2021-05-03,128.5,0
2021-05-10,130.4,0
2021-05-17,130.4,0
2021-05-24,129.5,0
2021-05-31,130.4,0
2021-06-07,131.4,1
2021-06-14,131.8,1
2021-06-21,131.6,1
2021-06-28,132.7,1
2021-07-05,133.2,1
2021-07-12,133.6,1
2021-07-19,135.6,1
2021-07-26,137.1,1
2021-08-02,138.3,1
2021-08-09,137.9,1
2021-08-16,138.2,1
2021-08-23,137.3,1
2021-08-30,139.1,1
2021-09-06,140.5,0
2021-09-13,140.3,0
2021-09-20,139.9,0
2021-09-27,140.5,0
2021-10-04,141.9,0
2021-10-11,145.1,0
2021-10-18,148.7,0
2021-10-25,151.2,0
2021-11-01,151.2,0
2021-11-08,151.0,0
2021-11-15,150.6,0
2021-11-22,150.3,0
2021-11-29,147.2,0
2021-12-06,146.5,0
2021-12-13,146.8,0
2021-12-20,146.8,0
2022-01-03,148.0,0
2022-01-10,148.8,0
2022-01-17,151.8,0
2022-01-24,152.7,0
2022-01-31,157.6,0
2022-02-07,161.2,0
2022-02-14,163.7,0
2022-02-21,163.1,0
2022-02-28,165.4,0
2022-03-07,192.7,0
2022-03-14,182.0,0
2022-03-21,179.9,0
2022-03-28,180.7,0
2022-04-04,175.1,0
2022-04-11,172.4,0
2022-04-18,184.8,0
2022-04-25,186.7,0
2022-05-02,188.2,0
2022-05-09,203.7,0
2022-05-16,213.7,0
2022-05-23,209.6,0
2022-05-30,208.6,0
2022-06-06,221.2,1
2022-06-13,220.5,1
2022-06-20,214.0,1
2022-06-27,212.5,1
2022-07-04,207.4,1
2022-07-11,200.8,1
2022-07-18,194.2,1
2022-07-25,192.8,1
2022-08-01,195.0,1
2022-08-08,185.1,1
2022-08-15,183.8,1
2022-08-22,181.8,1
2022-08-29,174.0,1
2022-09-05,166.7,0
2022-09-12,161.1,0
2022-09-19,160.1,0
2022-09-26,157.8,0
2022-10-03,162.0,0
2022-10-10,173.4,0
2022-10-17,171.1,0
2022-10-24,172.0,0
2022-10-31,181.2,0
2022-11-07,181.5,0
2022-11-14,175.5,0
2022-11-21,169.3,0
2022-11-28,164.1,0
2022-12-05,156.1,0
2022-12-12,149.6,0
2022-12-19,149.2,0
2022-12-26,152.1,0
2023-01-02,156.2,0
2023-01-09,154.3,0
2023-01-16,161.4,0
2023-01-23,163.3,0
2023-01-30,162.2,0
2023-02-06,158.5,0
2023-02-13,157.6,0
2023-02-20,156.2,0
2023-02-27,155.9,0
2023-03-06,161.1,0
2023-03-13,158.9,0
2023-03-20,156.5,0
2023-03-27,158.3,0
2023-04-03,160.9,0
2023-04-10,163.3,0
2023-04-17,167.4,0
2023-04-24,168.2,0
2023-05-01,166.3,0
2023-05-08,162.6,0
2023-05-15,162.2,0
2023-05-22,168.9,0
2023-05-29,172.0,0
2023-06-05,170.2,1
2023-06-12,170.0,1
2023-06-19,170.5,1
2023-06-26,167.7,1
2023-07-03,168.1,1
2023-07-10,168.8,1
2023-07-17,168.8,1
2023-07-24,173.1,1
2023-07-31,177.5,1
2023-08-07,177.0,1
2023-08-14,181.1,1
2023-08-21,179.2,1
2023-08-28,178.5,1
2023-09-04,177.5,0
2023-09-11,179.9,0
2023-09-18,178.8,0
2023-09-25,175.2,0
2023-10-02,171.1,0
2023-10-09,164.7,0
2023-10-16,165.0,0
2023-10-23,166.6,0
2023-10-30,164.1,0
2023-11-06,161.4,0
2023-11-13,161.2,0
2023-11-20,160.6,0
2023-11-27,160.0,0
2023-12-04,159.2,0
2023-12-11,156.6,0
2023-12-18,157.2,0
2023-12-25,155.6,0
2024-01-01,156.0,0
2024-01-08,155.5,0
2024-01-15,156.1,0
2024-01-22,156.9,0
2024-01-29,158.9,0
2024-02-05,157.4,0
2024-02-12,160.7,0
2024-02-19,160.7,0
2024-02-26,159.3,0
2024-03-04,159.6,0
2024-03-11,159.6,0
2024-03-18,164.5,0
2024-03-25,165.9,0
2024-04-01,166.0,0
2024-04-08,167.8,0
2024-04-15,175.3,0
2024-04-22,182.4,0
2024-04-29,180.8,0
2024-05-06,177.6,0
2024-05-13,174.9,0
2024-05-20,173.8,0
2024-05-27,172.0,0
2024-06-03,169.5,1
2024-06-10,167.8,1
2024-06-17,167.6,1
2024-06-24,169.4,1
2024-07-01,171.2,1
2024-07-08,171.1,1
2024-07-15,170.0,1
2024-07-22,169.2,1
2024-07-29,169.2,1
2024-08-05,167.9,1
2024-08-12,167.6,1
2024-08-19,165.6,1
2024-08-26,163.4,1
2024-09-02,160.3,0
2024-09-09,156.6,0
2024-09-16,153.3,0
2024-09-23,151.7,0
2024-09-30,149.7,0
2024-10-07,152.2,0
2024-10-14,153.4,0
2024-10-21,152.0,0
2024-10-28,151.3,0
2024-11-04,151.5,0
2024-11-11,152.3,0
2024-11-18,152.7,0
2024-11-25,153.8,0
2024-12-02,152.6,0
2024-12-09,152.6,0
2024-12-16,153.1,0
2024-12-23,152.6,0
2024-12-30,152.6,0
2025-01-06,155.6,0
2025-01-13,156.8,0
2025-01-20,157.2,0
2025-01-27,156.6,0
2025-02-03,156.4,0
2025-02-10,156.3,0
2025-02-17,155.8,0
2025-02-24,155.0,0
2025-03-03,154.0,0
2025-03-10,152.8,0
2025-03-17,151.7,0
2025-03-24,152.7,0
2025-03-31,155.7,0
2025-04-07,155.1,0
2025-04-14,153.4,0
2025-04-21,153.5,0
2025-04-28,153.4,0
2025-05-05,152.5,0
2025-05-12,153.8,0
2025-05-19,154.8,0
2025-05-26,154.5,0
2025-06-02,153.6,1
2025-06-09,152.6,1
2025-06-16,153.4,1
2025-06-23,152.7,1
2025-06-30,150.9,1
2025-07-07,151.0,1
2025-07-14,151.4,1
2025-07-21,150.8,1
2025-07-28,150.6,1
2025-08-04,151.2,1
2025-08-11,150.7,1
2025-08-18,150.9,1
2025-08-25,152.5,1
2025-09-01,155.3,0
2025-09-08,157.9,0
2025-09-15,158.0,0
2025-09-22,154.8,0
2025-09-29,154.1,0
2025-10-06,152.5,0
2025-10-13,150.1,0
2025-10-20,149.2,0
2025-10-27,149.2,0
2025-11-03,149.7,0
2025-11-10,150.2,0
2025-11-17,151.7,0
2025-11-24,151.3,0
2025-12-01,150.0,0
2025-12-08,147.2,0
2025-12-15,145.0,0
2025-12-22,143.4,0
2025-12-29,141.1,0
2026-01-05,140.5,0
2026-01-12,141.3,0
2026-01-19,141.9,0
2026-01-26,142.1,0
2026-02-02,142.2,0
2026-02-09,143.0,0
2026-02-16,142.5,0
2026-02-23,143.8,0
